{"Ivan": {"output_ADD_BLUR_bunny_0#output_ADD_BLUR_bunny_1": 0.08163265306122448, "output_ADD_BLUR_bunny_0#output_ADD_CROP_bunny_1": 0.08163265306122448, "output_ADD_BLUR_bunny_0#output_ADD_LOGO_bunny_1": 0.07861635220125786, "output_ADD_BLUR_bunny_0#output_ADD_NOISE_bunny_1": 0.08163265306122448, "output_ADD_BLUR_bunny_0#output_ADD_RBR_bunny_1": 0.07559055118110236, "output_ADD_BLUR_bunny_0#output_ADD_SCALE_bunny_1": 0.0322061191626409, "output_ADD_BLUR_bunny_0#output_ADD_SUBTITLES_bunny_1": 0.08163265306122448, "output_ADD_CROP_bunny_0#output_ADD_BLUR_bunny_1": 0.08163265306122448, "output_ADD_CROP_bunny_0#output_ADD_CROP_bunny_1": 0.08163265306122448, "output_ADD_CROP_bunny_0#output_ADD_LOGO_bunny_1": 0.08163265306122448, "output_ADD_CROP_bunny_0#output_ADD_NOISE_bunny_1": 0.08163265306122448, "output_ADD_CROP_bunny_0#output_ADD_RBR_bunny_1": 0.08163265306122448, "output_ADD_CROP_bunny_0#output_ADD_SCALE_bunny_1": 0.0322061191626409, "output_ADD_CROP_bunny_0#output_ADD_SUBTITLES_bunny_1": 0.08163265306122448, "output_ADD_LOGO_bunny_0#output_ADD_BLUR_bunny_1": 0.07559055118110236, "output_ADD_LOGO_bunny_0#output_ADD_CROP_bunny_1": 0.07559055118110236, "output_ADD_LOGO_bunny_0#output_ADD_LOGO_bunny_1": 0.07559055118110236, "output_ADD_LOGO_bunny_0#output_ADD_NOISE_bunny_1": 0.07559055118110236, "output_ADD_LOGO_bunny_0#output_ADD_RBR_bunny_1": 0.07559055118110236, "output_ADD_LOGO_bunny_0#output_ADD_SUBTITLES_bunny_1": 0.07861635220125786, "output_ADD_NOISE_bunny_0#output_ADD_BLUR_bunny_1": 0.08163265306122448, "output_ADD_NOISE_bunny_0#output_ADD_CROP_bunny_1": 0.08163265306122448, "output_ADD_NOISE_bunny_0#output_ADD_LOGO_bunny_1": 0.08163265306122448, "output_ADD_NOISE_bunny_0#output_ADD_NOISE_bunny_1": 0.08163265306122448, "output_ADD_NOISE_bunny_0#output_ADD_RBR_bunny_1": 0.07861635220125786, "output_ADD_NOISE_bunny_0#output_ADD_SCALE_bunny_1": 0.0322061191626409, "output_ADD_NOISE_bunny_0#output_ADD_SUBTITLES_bunny_1": 0.08163265306122448, "output_ADD_RBR_bunny_0#output_ADD_BLUR_bunny_1": 0.08163265306122448, "output_ADD_RBR_bunny_0#output_ADD_CROP_bunny_1": 0.08163265306122448, "output_ADD_RBR_bunny_0#output_ADD_LOGO_bunny_1": 0.08163265306122448, "output_ADD_RBR_bunny_0#output_ADD_NOISE_bunny_1": 0.08163265306122448, "output_ADD_RBR_bunny_0#output_ADD_RBR_bunny_1": 0.08163265306122448, "output_ADD_RBR_bunny_0#output_ADD_SCALE_bunny_1": 0.0322061191626409, "output_ADD_RBR_bunny_0#output_ADD_SUBTITLES_bunny_1": 0.07861635220125786, "output_ADD_SCALE_bunny_0#output_ADD_BLUR_bunny_1": 0.07861635220125786, "output_ADD_SCALE_bunny_0#output_ADD_CROP_bunny_1": 0.07559055118110236, "output_ADD_SCALE_bunny_0#output_ADD_LOGO_bunny_1": 0.07559055118110236, "output_ADD_SCALE_bunny_0#output_ADD_NOISE_bunny_1": 0.07559055118110236, "output_ADD_SCALE_bunny_0#output_ADD_RBR_bunny_1": 0.07559055118110236, "output_ADD_SCALE_bunny_0#output_ADD_SCALE_bunny_1": 0.08163265306122448, "output_ADD_SCALE_bunny_0#output_ADD_SUBTITLES_bunny_1": 0.07559055118110236, "output_ADD_SUBTITLES_bunny_0#output_ADD_BLUR_bunny_1": 0.07861635220125786, "output_ADD_SUBTITLES_bunny_0#output_ADD_CROP_bunny_1": 0.08163265306122448, "output_ADD_SUBTITLES_bunny_0#output_ADD_LOGO_bunny_1": 0.08163265306122448, "output_ADD_SUBTITLES_bunny_0#output_ADD_NOISE_bunny_1": 0.08163265306122448, "output_ADD_SUBTITLES_bunny_0#output_ADD_RBR_bunny_1": 0.08163265306122448, "output_ADD_SUBTITLES_bunny_0#output_ADD_SCALE_bunny_1": 0.0322061191626409, "output_ADD_SUBTITLES_bunny_0#output_ADD_SUBTITLES_bunny_1": 0.07861635220125786}, "visil": {"output_ADD_BARS_bunny_0#output_ADD_BARS_bunny_1": 0.646733111849391, "output_ADD_BARS_bunny_0#output_ADD_BLUR_bunny_1": 0.6860215053763441, "output_ADD_BARS_bunny_0#output_ADD_CROP_bunny_1": 0.3283173734610123, "output_ADD_BARS_bunny_0#output_ADD_LOGO_bunny_1": 0.6831896551724138, "output_ADD_BARS_bunny_0#output_ADD_NOISE_bunny_1": 0.7082452431289641, "output_ADD_BARS_bunny_0#output_ADD_RBR_bunny_1": 0.6888412017167382, "output_ADD_BARS_bunny_0#output_ADD_SCALE_bunny_1": 0.15963855421686746, "output_ADD_BARS_bunny_0#output_ADD_SUBTITLES_bunny_1": 0.6437291897891232, "output_ADD_BLUR_bunny_0#output_ADD_BARS_bunny_1": 0.8170377541142304, "output_ADD_BLUR_bunny_0#output_ADD_BLUR_bunny_1": 0.9608843537414966, "output_ADD_BLUR_bunny_0#output_ADD_CROP_bunny_1": 0.47440699126092384, "output_ADD_BLUR_bunny_0#output_ADD_LOGO_bunny_1": 0.9308836395450568, "output_ADD_BLUR_bunny_0#output_ADD_NOISE_bunny_1": 0.9564474807856533, "output_ADD_BLUR_bunny_0#output_ADD_RBR_bunny_1": 0.8737327188940092, "output_ADD_BLUR_bunny_0#output_ADD_SCALE_bunny_1": 0.1228878648233487, "output_ADD_BLUR_bunny_0#output_ADD_SUBTITLES_bunny_1": 0.8653667595171773, "output_ADD_CROP_bunny_0#output_ADD_BARS_bunny_1": 0.31215469613259667, "output_ADD_CROP_bunny_0#output_ADD_BLUR_bunny_1": 0.3575268817204301, "output_ADD_CROP_bunny_0#output_ADD_CROP_bunny_1": 0.47820672478206727, "output_ADD_CROP_bunny_0#output_ADD_LOGO_bunny_1": 0.31215469613259667, "output_ADD_CROP_bunny_0#output_ADD_NOISE_bunny_1": 0.3283173734610123, "output_ADD_CROP_bunny_0#output_ADD_RBR_bunny_1": 0.29567642956764295, "output_ADD_CROP_bunny_0#output_ADD_SCALE_bunny_1": 0.14285714285714285, "output_ADD_CROP_bunny_0#output_ADD_SUBTITLES_bunny_1": 0.2861150070126227, "output_ADD_LOGO_bunny_0#output_ADD_BARS_bunny_1": 0.6731813246471227, "output_ADD_LOGO_bunny_0#output_ADD_BLUR_bunny_1": 0.8600746268656716, "output_ADD_LOGO_bunny_0#output_ADD_CROP_bunny_1": 0.47058823529411764, "output_ADD_LOGO_bunny_0#output_ADD_LOGO_bunny_1": 0.7924901185770751, "output_ADD_LOGO_bunny_0#output_ADD_NOISE_bunny_1": 0.8674698795180723, "output_ADD_LOGO_bunny_0#output_ADD_RBR_bunny_1": 0.8054740957966764, "output_ADD_LOGO_bunny_0#output_ADD_SCALE_bunny_1": 0.09657320872274143, "output_ADD_LOGO_bunny_0#output_ADD_SUBTITLES_bunny_1": 0.6407119021134594, "output_ADD_NOISE_bunny_0#output_ADD_BARS_bunny_1": 0.8536585365853658, "output_ADD_NOISE_bunny_0#output_ADD_BLUR_bunny_1": 0.9564474807856533, "output_ADD_NOISE_bunny_0#output_ADD_CROP_bunny_1": 0.4838709677419355, "output_ADD_NOISE_bunny_0#output_ADD_LOGO_bunny_1": 0.9501718213058419, "output_ADD_NOISE_bunny_0#output_ADD_NOISE_bunny_1": 0.96964586846543, "output_ADD_NOISE_bunny_0#output_ADD_RBR_bunny_1": 0.9010791366906474, "output_ADD_NOISE_bunny_0#output_ADD_SCALE_bunny_1": 0.13435114503816795, "output_ADD_NOISE_bunny_0#output_ADD_SUBTITLES_bunny_1": 0.886052871467639, "output_ADD_RBR_bunny_0#output_ADD_BARS_bunny_1": 0.8147429679922406, "output_ADD_RBR_bunny_0#output_ADD_BLUR_bunny_1": 0.9299474605954466, "output_ADD_RBR_bunny_0#output_ADD_CROP_bunny_1": 0.4628930817610063, "output_ADD_RBR_bunny_0#output_ADD_LOGO_bunny_1": 0.9308836395450568, "output_ADD_RBR_bunny_0#output_ADD_NOISE_bunny_1": 0.9456427955133736, "output_ADD_RBR_bunny_0#output_ADD_RBR_bunny_1": 0.9355400696864111, "output_ADD_RBR_bunny_0#output_ADD_SCALE_bunny_1": 0.11128284389489954, "output_ADD_RBR_bunny_0#output_ADD_SUBTITLES_bunny_1": 0.8558052434456929, "output_ADD_SCALE_bunny_0#output_ADD_BARS_bunny_1": 0.16516516516516516, "output_ADD_SCALE_bunny_0#output_ADD_BLUR_bunny_1": 0.1456752655538695, "output_ADD_SCALE_bunny_0#output_ADD_CROP_bunny_1": 0.13719512195121952, "output_ADD_SCALE_bunny_0#output_ADD_LOGO_bunny_1": 0.1400304414003044, "output_ADD_SCALE_bunny_0#output_ADD_NOISE_bunny_1": 0.16516516516516516, "output_ADD_SCALE_bunny_0#output_ADD_RBR_bunny_1": 0.1228878648233487, "output_ADD_SCALE_bunny_0#output_ADD_SCALE_bunny_1": 0.9555555555555556, "output_ADD_SCALE_bunny_0#output_ADD_SUBTITLES_bunny_1": 0.14285714285714285, "output_ADD_SUBTITLES_bunny_0#output_ADD_BARS_bunny_1": 0.8579439252336448, "output_ADD_SUBTITLES_bunny_0#output_ADD_BLUR_bunny_1": 0.9336823734729494, "output_ADD_SUBTITLES_bunny_0#output_ADD_CROP_bunny_1": 0.48009950248756217, "output_ADD_SUBTITLES_bunny_0#output_ADD_LOGO_bunny_1": 0.9510729613733906, "output_ADD_SUBTITLES_bunny_0#output_ADD_NOISE_bunny_1": 0.959114139693356,