{"Ivan": {"Dists": ["ADD_SUBTITLES", "ADD_NOISE", "ADD_RBR", "ADD_CROP", "ADD_SCALE", "ADD_LOGO", "ADD_BLUR"], "Res": [[0, 0, 0.08163265306122448], [0, 1, 0.08163265306122448], [0, 2, 0.07861635220125786], [0, 3, 0.08163265306122448], [0, 4, 0.07559055118110236], [0, 5, 0.0322061191626409], [0, 6, 0.08163265306122448], [0, 7, 0.08163265306122448], [1, 0, 0.08163265306122448], [1, 1, 0.08163265306122448], [1, 2, 0.08163265306122448], [1, 3, 0.08163265306122448], [1, 4, 0.0322061191626409], [1, 5, 0.08163265306122448], [1, 6, 0.07559055118110236], [1, 7, 0.07559055118110236], [2, 0, 0.07559055118110236], [2, 1, 0.07559055118110236], [2, 2, 0.07559055118110236], [2, 3, 0.07861635220125786], [2, 4, 0.08163265306122448], [2, 5, 0.08163265306122448], [2, 6, 0.08163265306122448], [2, 7, 0.08163265306122448], [3, 0, 0.07861635220125786], [3, 1, 0.0322061191626409], [3, 2, 0.08163265306122448], [3, 3, 0.08163265306122448], [3, 4, 0.08163265306122448], [3, 5, 0.08163265306122448], [3, 6, 0.08163265306122448], [3, 7, 0.08163265306122448], [4, 0, 0.0322061191626409], [4, 1, 0.07861635220125786], [4, 2, 0.07861635220125786], [4, 3, 0.07559055118110236], [4, 4, 0.07559055118110236], [4, 5, 0.07559055118110236], [4, 6, 0.07559055118110236], [4, 7, 0.08163265306122448], [5, 0, 0.07559055118110236], [5, 1, 0.07861635220125786], [5, 2, 0.08163265306122448], [5, 3, 0.08163265306122448], [5, 4, 0.08163265306122448], [5, 5, 0.08163265306122448], [5, 6, 0.0322061191626409], [5, 7, 0.07861635220125786]]}, "visil": {"Dists": ["ADD_SUBTITLES", "ADD_BARS", "ADD_NOISE", "ADD_RBR", "ADD_CROP", "ADD_SCALE", "ADD_LOGO", "ADD_BLUR"], "Res": [[0, 0, 0.646733111849391], [0, 1, 0.6860215053763441], [0, 2, 0.3283173734610123], [0, 3, 0.6831896551724138], [0, 4, 0.7082452431289641], [0, 5, 0.6888412017167382], [0, 6, 0.15963855421686746], [0, 7, 0.6437291897891232], [0, 8, 0.8170377541142304], [1, 0, 0.9608843537414966], [1, 1, 0.47440699126092384], [1, 2, 0.9308836395450568], [1, 3, 0.9564474807856533], [1, 4, 0.8737327188940092], [1, 5, 0.1228878648233487], [1, 6, 0.8653667595171773], [1, 7, 0.31215469613259667], [1, 8, 0.3575268817204301], [2, 0, 0.47820672478206727], [2, 1, 0.31215469613259667], [2, 2, 0.3283173734610123], [2, 3, 0.29567642956764295], [2, 4, 0.14285714285714285], [2, 5, 0.2861150070126227], [2, 6, 0.6731813246471227], [2, 7, 0.8600746268656716], [2, 8, 0.47058823529411764], [3, 0, 0.7924901185770751], [3, 1, 0.8674698795180723], [3, 2, 0.8054740957966764], [3, 3, 0.09657320872274143], [3, 4, 0.6407119021134594], [3, 5, 0.8536585365853658], [3, 6, 0.9564474807856533], [3, 7, 0.4838709677419355], [3, 8, 0.9501718213058419], [4, 0, 0.96964586846543], [4, 1, 0.9010791366906474], [4, 2, 0.13435114503816795], [4, 3, 0.886052871467639], [4, 4, 0.8147429679922406], [4, 5, 0.9299474605954466], [4, 6, 0.4628930817610063], [4, 7, 0.9308836395450568], [4, 8, 0.9456427955133736], [5, 0, 0.9355400696864111], [5, 1, 0.11128284389489954], [5, 2, 0.8558052434456929], [5, 3, 0.16516516516516516], [5, 4, 0.1456752655538695], [5, 5, 0.13719512195121952], [5, 6, 0.1400304414003044], [5, 7, 0.16516516516516516], [5, 8, 0.1228878648233487], [6, 0, 0.9555555555555556], [6, 1, 0.14285714285714285], [6, 2, 0.8579439252336448], [6, 3, 0.9336823734729494], [6, 4, 0.48009950248756217], [6, 5, 0.9510729613733906], [6, 6, 0.959114139693356], [6, 7, 0.8768382352941176], [6, 8, 0.13149847094801223], [7, 0, 0.9050179211469535]]}}