{
    "DBVSR": {
        "self": 162.89557783298144,
        "best": 74.69828850937172,
        "video": "skiing"
    },
    "DynaVSR-R": {
        "self": 150.67921893456952,
        "best": 61.108841015982826,
        "video": "skiing"
    },
    "iSeeBetter": {
        "self": 136.94138401248028,
        "best": 71.31811627040354,
        "video": "skiing"
    },
    "LGFN": {
        "self": 170.03005964306757,
        "best": 76.66986736642323,
        "video": "skiing"
    },
    "RealSR": {
        "self": 111.3285620793212,
        "best": 52.67072588313653,
        "video": "skiing"
    },
    "SOF-VSR-BD": {
        "self": 136.53138434500534,
        "best": 64.22808427246196,
        "video": "skiing"
    },
    "SOF-VSR-BI": {
        "self": 162.49796544635112,
        "best": 73.61129931522927,
        "video": "skiing"
    },
    "only_compressed": {
        "self": 100.0,
        "best": 100.0,
        "video": "animation clip"
    },
    "only_compressed_540": {
        "self": 114.61623144857533,
        "best": 44.74696175880993,
        "video": "skiing"
    },
    "topaz-ahq-11": {
        "self": 42.7848770383072,
        "best": 15.79658,
        "video": "skiing"
    },
    "topaz-amq-12": {
        "self": 34.07928858989017,
        "best": 9.07665,
        "video": "skiing"
    },
    "topaz-amqs-1": {
        "self": 42.725091025103715,
        "best": 11.78898,
        "video": "skiing"
    },
    "waifu2xAnime": {
        "self": 132.7043960574026,
        "best": 64.1188981109816,
        "video": "skiing"
    },
    "waifu2xCunet": {
        "self": 132.19206291888165,
        "best": 66.13209137727071,
        "video": "skiing"
    }
}